raceId,driverId,driverName,stop,lapNumber,pitDurationSeconds,compound,stint
2025_R01,ALB,Alexander Albon,1,2,14.91,INTERMEDIATE,2.0
2025_R01,ALB,Alexander Albon,2,3,17.066,INTERMEDIATE,3.0
2025_R01,ALB,Alexander Albon,3,4,14.293,INTERMEDIATE,4.0
2025_R01,ALB,Alexander Albon,4,33,18.675,MEDIUM,5.0
2025_R01,ALB,Alexander Albon,5,44,18.832,INTERMEDIATE,6.0
2025_R01,ALO,Fernando Alonso,1,2,15.57,INTERMEDIATE,2.0
2025_R01,ALO,Fernando Alonso,2,3,16.338,INTERMEDIATE,3.0
2025_R01,ALO,Fernando Alonso,3,4,15.062,INTERMEDIATE,4.0
2025_R01,ANT,Andrea Kimi Antonelli,1,2,14.836,INTERMEDIATE,2.0
2025_R01,ANT,Andrea Kimi Antonelli,2,3,16.435,INTERMEDIATE,3.0
2025_R01,ANT,Andrea Kimi Antonelli,3,4,14.135,INTERMEDIATE,4.0
2025_R01,ANT,Andrea Kimi Antonelli,4,33,19.06,HARD,5.0
2025_R01,ANT,Andrea Kimi Antonelli,5,44,21.968,INTERMEDIATE,6.0
2025_R01,BEA,Oliver Bearman,1,2,14.702,INTERMEDIATE,2.0
2025_R01,BEA,Oliver Bearman,2,3,16.365,INTERMEDIATE,3.0
2025_R01,BEA,Oliver Bearman,3,4,22.298,INTERMEDIATE,4.0
2025_R01,BEA,Oliver Bearman,4,39,22.659,MEDIUM,5.0
2025_R01,BEA,Oliver Bearman,5,44,19.488,INTERMEDIATE,6.0
2025_R01,BOR,Gabriel Bortoleto,1,2,14.642,INTERMEDIATE,2.0
2025_R01,BOR,Gabriel Bortoleto,2,3,16.363,INTERMEDIATE,3.0
2025_R01,BOR,Gabriel Bortoleto,3,4,14.407,INTERMEDIATE,4.0
2025_R01,BOR,Gabriel Bortoleto,4,33,24.016,MEDIUM,5.0
2025_R01,BOR,Gabriel Bortoleto,5,44,26.069,INTERMEDIATE,6.0
2025_R01,GAS,Pierre Gasly,1,2,14.98,INTERMEDIATE,2.0
2025_R01,GAS,Pierre Gasly,2,3,15.838,INTERMEDIATE,3.0
2025_R01,GAS,Pierre Gasly,3,4,14.732,INTERMEDIATE,4.0
2025_R01,GAS,Pierre Gasly,4,33,19.609,HARD,5.0
2025_R01,GAS,Pierre Gasly,5,46,19.735,INTERMEDIATE,6.0
2025_R01,HAM,Lewis Hamilton,1,2,14.732,INTERMEDIATE,2.0
2025_R01,HAM,Lewis Hamilton,2,3,16.342,INTERMEDIATE,3.0
2025_R01,HAM,Lewis Hamilton,3,4,14.85,INTERMEDIATE,4.0
2025_R01,HAM,Lewis Hamilton,4,33,18.609,HARD,5.0
2025_R01,HAM,Lewis Hamilton,5,47,20.919,INTERMEDIATE,6.0
2025_R01,HUL,Nico Hulkenberg,1,2,15.309,INTERMEDIATE,2.0
2025_R01,HUL,Nico Hulkenberg,2,3,16.012,INTERMEDIATE,3.0
2025_R01,HUL,Nico Hulkenberg,3,4,14.202,INTERMEDIATE,4.0
2025_R01,HUL,Nico Hulkenberg,4,33,21.123,MEDIUM,5.0
2025_R01,HUL,Nico Hulkenberg,5,44,20.163,INTERMEDIATE,6.0
2025_R01,LAW,Liam Lawson,1,2,14.769,INTERMEDIATE,2.0
2025_R01,LAW,Liam Lawson,2,3,16.161,INTERMEDIATE,3.0
2025_R01,LAW,Liam Lawson,3,4,18.769,INTERMEDIATE,4.0
2025_R01,LAW,Liam Lawson,4,33,20.029,MEDIUM,5.0
2025_R01,LEC,Charles Leclerc,1,2,14.178,INTERMEDIATE,2.0
2025_R01,LEC,Charles Leclerc,2,3,14.621,INTERMEDIATE,3.0
2025_R01,LEC,Charles Leclerc,3,4,14.225,INTERMEDIATE,4.0
2025_R01,LEC,Charles Leclerc,4,34,18.143,HARD,5.0
2025_R01,LEC,Charles Leclerc,5,47,24.467,INTERMEDIATE,6.0
2025_R01,NOR,Lando Norris,1,2,13.499,INTERMEDIATE,2.0
2025_R01,NOR,Lando Norris,2,3,12.853,INTERMEDIATE,3.0
2025_R01,NOR,Lando Norris,3,4,12.783,INTERMEDIATE,4.0
2025_R01,NOR,Lando Norris,4,34,18.517,HARD,5.0
2025_R01,NOR,Lando Norris,5,44,17.905,INTERMEDIATE,6.0
2025_R01,OCO,Esteban Ocon,1,2,14.459,INTERMEDIATE,2.0
2025_R01,OCO,Esteban Ocon,2,3,16.56,INTERMEDIATE,3.0
2025_R01,OCO,Esteban Ocon,3,4,19.664,INTERMEDIATE,4.0
2025_R01,OCO,Esteban Ocon,4,39,18.947,MEDIUM,5.0
2025_R01,OCO,Esteban Ocon,5,46,19.961,INTERMEDIATE,6.0
2025_R01,PIA,Oscar Piastri,1,2,13.046,INTERMEDIATE,2.0
2025_R01,PIA,Oscar Piastri,2,3,13.957,INTERMEDIATE,3.0
2025_R01,PIA,Oscar Piastri,3,4,12.801,INTERMEDIATE,4.0
2025_R01,PIA,Oscar Piastri,4,34,19.617,HARD,5.0
2025_R01,PIA,Oscar Piastri,5,44,19.751,INTERMEDIATE,6.0
2025_R01,RUS,George Russell,1,2,13.826,INTERMEDIATE,2.0
2025_R01,RUS,George Russell,2,3,14.201,INTERMEDIATE,3.0
2025_R01,RUS,George Russell,3,4,13.763,INTERMEDIATE,4.0
2025_R01,RUS,George Russell,4,34,19.247,HARD,5.0
2025_R01,RUS,George Russell,5,44,19.44,INTERMEDIATE,6.0
2025_R01,STR,Lance Stroll,1,2,15.721,INTERMEDIATE,2.0
2025_R01,STR,Lance Stroll,2,3,16.135,INTERMEDIATE,3.0
2025_R01,STR,Lance Stroll,3,4,14.469,INTERMEDIATE,4.0
2025_R01,STR,Lance Stroll,4,33,18.751,HARD,5.0
2025_R01,STR,Lance Stroll,5,44,18.924,INTERMEDIATE,6.0
2025_R01,TSU,Yuki Tsunoda,1,2,14.912,INTERMEDIATE,2.0
2025_R01,TSU,Yuki Tsunoda,2,3,15.145,INTERMEDIATE,3.0
2025_R01,TSU,Yuki Tsunoda,3,4,13.554,INTERMEDIATE,4.0
2025_R01,TSU,Yuki Tsunoda,4,33,18.948,MEDIUM,5.0
2025_R01,TSU,Yuki Tsunoda,5,47,19.268,INTERMEDIATE,6.0
2025_R01,VER,Max Verstappen,1,2,13.453,INTERMEDIATE,2.0
2025_R01,VER,Max Verstappen,2,3,13.806,INTERMEDIATE,3.0
2025_R01,VER,Max Verstappen,3,4,12.991,INTERMEDIATE,4.0
2025_R01,VER,Max Verstappen,4,34,18.659,MEDIUM,5.0
2025_R01,VER,Max Verstappen,5,46,18.82,INTERMEDIATE,6.0
2025_R02,ALB,Alexander Albon,1,20,23.503,HARD,2.0
2025_R02,ALO,Fernando Alonso,1,4,,,
2025_R02,ANT,Kimi Antonelli,1,12,22.787,HARD,2.0
2025_R02,BEA,Oliver Bearman,1,26,22.885,MEDIUM,2.0
2025_R02,BOR,Gabriel Bortoleto,1,1,23.363,HARD,2.0
2025_R02,BOR,Gabriel Bortoleto,2,26,22.854,HARD,3.0
2025_R02,DOO,Jack Doohan,1,11,22.749,HARD,2.0
2025_R02,GAS,Pierre Gasly,1,10,23.066,HARD,2.0
2025_R02,HAD,Isack Hadjar,1,12,22.875,HARD,2.0
2025_R02,HAD,Isack Hadjar,2,33,22.259,HARD,3.0
2025_R02,HAM,Lewis Hamilton,1,13,22.355,HARD,2.0
2025_R02,HAM,Lewis Hamilton,2,37,22.394,HARD,3.0
2025_R02,HUL,Nico Hulkenberg,1,20,22.981,HARD,2.0
2025_R02,LAW,Liam Lawson,1,18,22.522,MEDIUM,2.0
2025_R02,LAW,Liam Lawson,2,30,22.316,HARD,3.0
2025_R02,LEC,Charles Leclerc,1,15,22.282,HARD,2.0
2025_R02,NOR,Lando Norris,1,15,22.202,HARD,2.0
2025_R02,OCO,Esteban Ocon,1,11,23.04,HARD,2.0
2025_R02,PIA,Oscar Piastri,1,14,23.855,HARD,2.0
2025_R02,RUS,George Russell,1,14,22.285,HARD,2.0
2025_R02,SAI,Carlos Sainz,1,17,22.836,HARD,2.0
2025_R02,STR,Lance Stroll,1,36,22.895,MEDIUM,2.0
2025_R02,TSU,Yuki Tsunoda,1,11,22.471,HARD,2.0
2025_R02,TSU,Yuki Tsunoda,2,35,22.492,HARD,3.0
2025_R02,TSU,Yuki Tsunoda,3,46,37.94,MEDIUM,4.0
2025_R02,VER,Max Verstappen,1,13,22.474,HARD,2.0
2025_R03,ALB,Alexander Albon,1,24,23.0,HARD,2.0
2025_R03,ALO,Fernando Alonso,1,24,25.682,HARD,2.0
2025_R03,ANT,Kimi Antonelli,1,31,24.344,HARD,2.0
2025_R03,BEA,Oliver Bearman,1,23,24.812,HARD,2.0
2025_R03,BOR,Gabriel Bortoleto,1,31,23.359,MEDIUM,2.0
2025_R03,DOO,Jack Doohan,1,15,23.157,HARD,2.0
2025_R03,GAS,Pierre Gasly,1,24,26.02,HARD,2.0
2025_R03,HAD,Isack Hadjar,1,25,23.25,HARD,2.0
2025_R03,HAM,Lewis Hamilton,1,30,23.016,MEDIUM,2.0
2025_R03,HUL,Nico Hulkenberg,1,22,23.625,HARD,2.0
2025_R03,LAW,Liam Lawson,1,33,23.469,SOFT,2.0
2025_R03,LEC,Charles Leclerc,1,21,23.234,HARD,2.0
2025_R03,NOR,Lando Norris,1,21,23.219,HARD,2.0
2025_R03,OCO,Esteban Ocon,1,32,24.442,MEDIUM,2.0
2025_R03,PIA,Oscar Piastri,1,20,22.917,HARD,2.0
2025_R03,RUS,George Russell,1,19,23.219,HARD,2.0
2025_R03,SAI,Carlos Sainz,1,33,23.219,SOFT,2.0
2025_R03,STR,Lance Stroll,1,9,23.639,HARD,2.0
2025_R03,STR,Lance Stroll,2,30,23.708,MEDIUM,3.0
2025_R03,TSU,Yuki Tsunoda,1,23,24.079,HARD,2.0
2025_R03,VER,Max Verstappen,1,21,24.578,HARD,2.0
2025_R04,ALB,Alexander Albon,1,16,25.424,HARD,2.0
2025_R04,ALB,Alexander Albon,2,32,26.091,MEDIUM,3.0
2025_R04,ALO,Fernando Alonso,1,16,24.958,MEDIUM,2.0
2025_R04,ALO,Fernando Alonso,2,32,24.783,HARD,3.0
2025_R04,ANT,Kimi Antonelli,1,12,24.859,MEDIUM,2.0
2025_R04,ANT,Kimi Antonelli,2,27,24.417,SOFT,3.0
2025_R04,ANT,Kimi Antonelli,3,32,24.642,SOFT,4.0
2025_R04,BEA,Oliver Bearman,1,14,24.643,HARD,2.0
2025_R04,BEA,Oliver Bearman,2,32,25.032,SOFT,3.0
2025_R04,BOR,Gabriel Bortoleto,1,13,24.069,HARD,2.0
2025_R04,BOR,Gabriel Bortoleto,2,32,25.306,MEDIUM,3.0
2025_R04,DOO,Jack Doohan,1,9,24.805,MEDIUM,2.0
2025_R04,DOO,Jack Doohan,2,28,25.139,HARD,3.0
2025_R04,GAS,Pierre Gasly,1,10,25.022,MEDIUM,2.0
2025_R04,GAS,Pierre Gasly,2,28,24.905,HARD,3.0
2025_R04,HAD,Isack Hadjar,1,6,25.285,MEDIUM,2.0
2025_R04,HAD,Isack Hadjar,2,28,24.422,HARD,3.0
2025_R04,HAM,Lewis Hamilton,1,17,24.36,MEDIUM,2.0
2025_R04,HAM,Lewis Hamilton,2,32,24.423,HARD,3.0
2025_R04,HUL,Nico Hulkenberg,1,5,24.103,MEDIUM,2.0
2025_R04,HUL,Nico Hulkenberg,2,27,24.187,MEDIUM,3.0
2025_R04,LAW,Liam Lawson,1,14,25.192,HARD,2.0
2025_R04,LAW,Liam Lawson,2,32,23.942,SOFT,3.0
2025_R04,LEC,Charles Leclerc,1,17,24.701,MEDIUM,2.0
2025_R04,LEC,Charles Leclerc,2,32,24.237,HARD,3.0
2025_R04,NOR,Lando Norris,1,10,29.615,MEDIUM,2.0
2025_R04,NOR,Lando Norris,2,32,24.059,MEDIUM,3.0
2025_R04,OCO,Esteban Ocon,1,8,24.947,MEDIUM,2.0
2025_R04,OCO,Esteban Ocon,2,27,25.165,HARD,3.0
2025_R04,PIA,Oscar Piastri,1,14,24.553,MEDIUM,2.0
2025_R04,PIA,Oscar Piastri,2,32,24.968,MEDIUM,3.0
2025_R04,RUS,George Russell,1,13,23.939,MEDIUM,2.0
2025_R04,RUS,George Russell,2,32,24.047,SOFT,3.0
2025_R04,SAI,Carlos Sainz,1,14,24.577,MEDIUM,2.0
2025_R04,SAI,Carlos Sainz,2,32,24.455,HARD,3.0
2025_R04,SAI,Carlos Sainz,3,44,36.961,SOFT,4.0
2025_R04,SAI,Carlos Sainz,4,45,,,
2025_R04,STR,Lance Stroll,1,12,24.603,MEDIUM,2.0
2025_R04,STR,Lance Stroll,2,32,24.491,HARD,3.0
2025_R04,TSU,Yuki Tsunoda,1,11,26.466,MEDIUM,2.0
2025_R04,TSU,Yuki Tsunoda,2,32,24.795,SOFT,3.0
2025_R04,VER,Max Verstappen,1,10,26.526,HARD,2.0
2025_R04,VER,Max Verstappen,2,26,28.242,MEDIUM,3.0
2025_R05,ALB,Alexander Albon,1,22,22.118,HARD,2.0
2025_R05,ALO,Fernando Alonso,1,19,21.987,HARD,2.0
2025_R05,ANT,Kimi Antonelli,1,19,20.469,HARD,2.0
2025_R05,BEA,Oliver Bearman,1,18,21.942,HARD,2.0
2025_R05,BOR,Gabriel Bortoleto,1,1,21.845,HARD,2.0
2025_R05,DOO,Jack Doohan,1,1,20.407,HARD,2.0
2025_R05,DOO,Jack Doohan,2,32,21.634,HARD,3.0
2025_R05,HAD,Isack Hadjar,1,34,20.699,MEDIUM,2.0
2025_R05,HAM,Lewis Hamilton,1,23,20.281,HARD,2.0
2025_R05,HUL,Nico Hulkenberg,1,33,20.5,MEDIUM,2.0
2025_R05,LAW,Liam Lawson,1,20,20.548,HARD,2.0
2025_R05,LEC,Charles Leclerc,1,29,20.153,HARD,2.0
2025_R05,NOR,Lando Norris,1,34,20.394,MEDIUM,2.0
2025_R05,OCO,Esteban Ocon,1,1,21.563,HARD,2.0
2025_R05,PIA,Oscar Piastri,1,19,21.301,HARD,2.0
2025_R05,RUS,George Russell,1,20,20.235,HARD,2.0
2025_R05,SAI,Carlos Sainz,1,21,23.996,HARD,2.0
2025_R05,STR,Lance Stroll,1,39,20.466,MEDIUM,2.0
2025_R05,TSU,Yuki Tsunoda,1,1,,,
2025_R05,VER,Max Verstappen,1,21,26.05,HARD,2.0
2025_R06,ALB,Alexander Albon,1,26,21.972,MEDIUM,1.0
2025_R06,ALO,Fernando Alonso,1,28,23.489,HARD,1.0
2025_R06,ANT,Kimi Antonelli,1,25,24.43,MEDIUM,1.0
2025_R06,BOR,Gabriel Bortoleto,1,19,22.199,nan,
2025_R06,GAS,Pierre Gasly,1,32,22.089,MEDIUM,2.0
2025_R06,HAD,Isack Hadjar,1,22,22.199,nan,
2025_R06,HAM,Lewis Hamilton,1,28,23.15,HARD,1.0
2025_R06,HUL,Nico Hulkenberg,1,36,22.16,MEDIUM,2.0
2025_R06,LAW,Liam Lawson,1,28,22.376,HARD,1.0
2025_R06,LAW,Liam Lawson,2,36,,,
2025_R06,LEC,Charles Leclerc,1,29,22.158,MEDIUM,1.0
2025_R06,NOR,Lando Norris,1,29,22.004,MEDIUM,1.0
2025_R06,OCO,Esteban Ocon,1,23,23.074,HARD,1.0
2025_R06,PIA,Oscar Piastri,1,29,22.095,MEDIUM,1.0
2025_R06,RUS,George Russell,1,29,24.208,HARD,1.0
2025_R06,SAI,Carlos Sainz,1,25,22.525,MEDIUM,1.0
2025_R06,STR,Lance Stroll,1,20,22.283,nan,
2025_R06,TSU,Yuki Tsunoda,1,27,22.581,MEDIUM,1.0
2025_R06,VER,Max Verstappen,1,26,22.44,MEDIUM,1.0
2025_R07,ALB,Alexander Albon,1,29,30.566,HARD,2.0
2025_R07,ALB,Alexander Albon,2,47,29.825,HARD,3.0
2025_R07,ALO,Fernando Alonso,1,12,30.237,HARD,2.0
2025_R07,ALO,Fernando Alonso,2,46,30.995,MEDIUM,3.0
2025_R07,ANT,Kimi Antonelli,1,29,29.94,MEDIUM,2.0
2025_R07,BEA,Oliver Bearman,1,29,31.376,MEDIUM,2.0
2025_R07,BEA,Oliver Bearman,2,31,56.723,HARD,3.0
2025_R07,BOR,Gabriel Bortoleto,1,12,30.775,HARD,2.0
2025_R07,BOR,Gabriel Bortoleto,2,29,30.752,HARD,3.0
2025_R07,BOR,Gabriel Bortoleto,3,46,29.886,MEDIUM,4.0
2025_R07,COL,Franco Colapinto,1,22,30.258,HARD,2.0
2025_R07,COL,Franco Colapinto,2,46,31.169,HARD,3.0
2025_R07,GAS,Pierre Gasly,1,9,31.522,HARD,2.0
2025_R07,GAS,Pierre Gasly,2,29,31.877,HARD,3.0
2025_R07,HAD,Isack Hadjar,1,29,30.144,HARD,2.0
2025_R07,HAD,Isack Hadjar,2,46,30.279,HARD,3.0
2025_R07,HAM,Lewis Hamilton,1,29,30.038,MEDIUM,2.0
2025_R07,HAM,Lewis Hamilton,2,46,29.968,HARD,3.0
2025_R07,HUL,Nico Hulkenberg,1,29,30.266,MEDIUM,2.0
2025_R07,LAW,Liam Lawson,1,10,29.652,HARD,2.0
2025_R07,LAW,Liam Lawson,2,29,30.237,HARD,3.0
2025_R07,LEC,Charles Leclerc,1,10,29.587,HARD,2.0
2025_R07,LEC,Charles Leclerc,2,29,31.974,HARD,3.0
2025_R07,NOR,Lando Norris,1,28,29.507,HARD,2.0
2025_R07,NOR,Lando Norris,2,46,31.796,HARD,3.0
2025_R07,OCO,Esteban Ocon,1,1,30.472,HARD,2.0
2025_R07,PIA,Oscar Piastri,1,13,30.935,HARD,2.0
2025_R07,PIA,Oscar Piastri,2,30,30.461,HARD,3.0
2025_R07,RUS,George Russell,1,11,29.716,HARD,2.0
2025_R07,RUS,George Russell,2,29,30.72,HARD,3.0
2025_R07,SAI,Carlos Sainz,1,11,30.148,HARD,2.0
2025_R07,SAI,Carlos Sainz,2,29,30.517,HARD,3.0
2025_R07,STR,Lance Stroll,1,14,31.266,HARD,2.0
2025_R07,STR,Lance Stroll,2,46,34.519,MEDIUM,3.0
2025_R07,TSU,Yuki Tsunoda,1,29,29.97,MEDIUM,2.0
2025_R07,VER,Max Verstappen,1,29,30.051,HARD,2.0
2025_R07,VER,Max Verstappen,2,46,29.784,HARD,3.0
2025_R08,ALB,Alexander Albon,1,32,23.882,MEDIUM,2.0
2025_R08,ALB,Alexander Albon,2,40,23.985,HARD,3.0
2025_R08,ALO,Fernando Alonso,1,16,25.468,HARD,2.0
2025_R08,ANT,Kimi Antonelli,1,69,24.374,MEDIUM,2.0
2025_R08,ANT,Kimi Antonelli,2,71,24.731,HARD,3.0
2025_R08,BEA,Oliver Bearman,1,1,50.169,HARD,2.0
2025_R08,BEA,Oliver Bearman,2,17,24.433,MEDIUM,3.0
2025_R08,BOR,Gabriel Bortoleto,1,1,37.316,HARD,2.0
2025_R08,BOR,Gabriel Bortoleto,2,26,24.525,SOFT,3.0
2025_R08,BOR,Gabriel Bortoleto,3,35,24.443,MEDIUM,4.0
2025_R08,COL,Franco Colapinto,1,13,24.37,MEDIUM,2.0
2025_R08,COL,Franco Colapinto,2,26,24.641,MEDIUM,3.0
2025_R08,GAS,Pierre Gasly,1,1,24.349,MEDIUM,2.0
2025_R08,GAS,Pierre Gasly,2,8,,,
2025_R08,HAD,Isack Hadjar,1,14,24.094,SOFT,2.0
2025_R08,HAD,Isack Hadjar,2,19,23.75,HARD,3.0
2025_R08,HAM,Lewis Hamilton,1,18,23.516,HARD,2.0
2025_R08,HAM,Lewis Hamilton,2,56,24.041,MEDIUM,3.0
2025_R08,HUL,Nico Hulkenberg,1,12,23.975,HARD,2.0
2025_R08,HUL,Nico Hulkenberg,2,44,24.49,SOFT,3.0
2025_R08,LAW,Liam Lawson,1,31,23.906,SOFT,2.0
2025_R08,LAW,Liam Lawson,2,40,24.047,HARD,3.0
2025_R08,LEC,Charles Leclerc,1,22,23.531,HARD,2.0
2025_R08,LEC,Charles Leclerc,2,49,23.578,MEDIUM,3.0
2025_R08,NOR,Lando Norris,1,19,24.515,HARD,2.0
2025_R08,NOR,Lando Norris,2,50,23.469,HARD,3.0
2025_R08,OCO,Esteban Ocon,1,16,25.64,MEDIUM,2.0
2025_R08,OCO,Esteban Ocon,2,28,24.752,HARD,3.0
2025_R08,PIA,Oscar Piastri,1,20,25.859,HARD,2.0
2025_R08,PIA,Oscar Piastri,2,48,23.93,HARD,3.0
2025_R08,RUS,George Russell,1,53,19.406,MEDIUM,2.0
2025_R08,RUS,George Russell,2,62,24.92,MEDIUM,2.0
2025_R08,RUS,George Russell,3,68,23.977,HARD,3.0
2025_R08,SAI,Carlos Sainz,1,48,24.406,MEDIUM,2.0
2025_R08,SAI,Carlos Sainz,2,53,24.006,MEDIUM,3.0
2025_R08,STR,Lance Stroll,1,17,23.958,HARD,2.0
2025_R08,STR,Lance Stroll,2,64,25.875,MEDIUM,3.0
2025_R08,TSU,Yuki Tsunoda,1,1,24.486,HARD,2.0
2025_R08,TSU,Yuki Tsunoda,2,73,23.892,MEDIUM,3.0
2025_R08,VER,Max Verstappen,1,28,24.141,MEDIUM,2.0
2025_R08,VER,Max Verstappen,2,77,23.59,SOFT,3.0
2025_R09,ALB,Alexander Albon,1,6,30.793,SOFT,2.0
2025_R09,ALB,Alexander Albon,2,26,37.619,SOFT,3.0
2025_R09,ALB,Alexander Albon,3,27,,,
2025_R09,ALO,Fernando Alonso,1,15,23.155,MEDIUM,2.0
2025_R09,ALO,Fernando Alonso,2,42,22.353,SOFT,3.0
2025_R09,ALO,Fernando Alonso,3,54,21.956,SOFT,4.0
2025_R09,ANT,Kimi Antonelli,1,21,22.358,MEDIUM,2.0
2025_R09,ANT,Kimi Antonelli,2,49,23.447,SOFT,3.0
2025_R09,BEA,Oliver Bearman,1,8,21.941,MEDIUM,2.0
2025_R09,BEA,Oliver Bearman,2,35,22.09,MEDIUM,3.0
2025_R09,BEA,Oliver Bearman,3,54,22.815,SOFT,4.0
2025_R09,BOR,Gabriel Bortoleto,1,19,22.085,MEDIUM,2.0
2025_R09,BOR,Gabriel Bortoleto,2,49,22.966,SOFT,3.0
2025_R09,COL,Franco Colapinto,1,14,22.536,MEDIUM,2.0
2025_R09,COL,Franco Colapinto,2,39,22.197,SOFT,3.0
2025_R09,COL,Franco Colapinto,3,54,21.88,SOFT,4.0
2025_R09,GAS,Pierre Gasly,1,10,22.148,SOFT,2.0
2025_R09,GAS,Pierre Gasly,2,31,22.123,MEDIUM,3.0
2025_R09,GAS,Pierre Gasly,3,55,22.838,SOFT,4.0
2025_R09,HAD,Isack Hadjar,1,19,21.886,MEDIUM,2.0
2025_R09,HAD,Isack Hadjar,2,48,22.169,SOFT,3.0
2025_R09,HAD,Isack Hadjar,3,55,21.78,SOFT,4.0
2025_R09,HAM,Lewis Hamilton,1,16,22.001,MEDIUM,2.0
2025_R09,HAM,Lewis Hamilton,2,46,24.391,SOFT,3.0
2025_R09,HAM,Lewis Hamilton,3,55,22.901,SOFT,4.0
2025_R09,HUL,Nico Hulkenberg,1,9,22.314,MEDIUM,2.0
2025_R09,HUL,Nico Hulkenberg,2,45,21.919,SOFT,3.0
2025_R09,HUL,Nico Hulkenberg,3,56,22.041,SOFT,4.0
2025_R09,LAW,Liam Lawson,1,18,21.946,MEDIUM,2.0
2025_R09,LAW,Liam Lawson,2,44,21.971,SOFT,3.0
2025_R09,LEC,Charles Leclerc,1,17,24.588,MEDIUM,2.0
2025_R09,LEC,Charles Leclerc,2,40,21.798,MEDIUM,3.0
2025_R09,LEC,Charles Leclerc,3,55,22.342,SOFT,4.0
2025_R09,NOR,Lando Norris,1,21,22.511,MEDIUM,2.0
2025_R09,NOR,Lando Norris,2,48,21.873,SOFT,3.0
2025_R09,NOR,Lando Norris,3,55,23.62,SOFT,4.0
2025_R09,OCO,Esteban Ocon,1,20,22.673,MEDIUM,2.0
2025_R09,OCO,Esteban Ocon,2,43,22.48,MEDIUM,3.0
2025_R09,PIA,Oscar Piastri,1,22,21.726,MEDIUM,2.0
2025_R09,PIA,Oscar Piastri,2,49,21.908,SOFT,3.0
2025_R09,PIA,Oscar Piastri,3,55,22.771,SOFT,4.0
2025_R09,RUS,George Russell,1,20,21.924,MEDIUM,2.0
2025_R09,RUS,George Russell,2,41,21.771,SOFT,3.0
2025_R09,RUS,George Russell,3,55,23.034,SOFT,4.0
2025_R09,SAI,Carlos Sainz,1,9,30.55,SOFT,2.0
2025_R09,SAI,Carlos Sainz,2,34,22.212,MEDIUM,3.0
2025_R09,SAI,Carlos Sainz,3,55,21.838,SOFT,4.0
2025_R09,TSU,Yuki Tsunoda,1,8,21.855,SOFT,2.0
2025_R09,TSU,Yuki Tsunoda,2,24,22.143,SOFT,3.0
2025_R09,TSU,Yuki Tsunoda,3,44,21.81,SOFT,4.0
2025_R09,TSU,Yuki Tsunoda,4,54,22.258,SOFT,5.0
2025_R09,VER,Max Verstappen,1,13,21.801,SOFT,2.0
2025_R09,VER,Max Verstappen,2,29,22.064,MEDIUM,3.0
2025_R09,VER,Max Verstappen,3,47,21.804,SOFT,4.0
2025_R09,VER,Max Verstappen,4,55,22.394,HARD,5.0
2025_R10,ALB,Alexander Albon,1,23,23.797,HARD,2.0
2025_R10,ALO,Fernando Alonso,1,15,24.005,HARD,2.0
2025_R10,ALO,Fernando Alonso,2,50,23.519,HARD,3.0
2025_R10,ALO,Fernando Alonso,3,66,18.313,HARD,4.0
2025_R10,ALO,Fernando Alonso,4,67,18.228,HARD,5.0
2025_R10,ALO,Fernando Alonso,5,68,18.313,HARD,6.0
2025_R10,ALO,Fernando Alonso,6,69,18.234,HARD,7.0
2025_R10,ANT,Kimi Antonelli,1,14,23.235,HARD,2.0
2025_R10,ANT,Kimi Antonelli,2,38,23.547,HARD,3.0
2025_R10,ANT,Kimi Antonelli,3,67,18.25,HARD,4.0
2025_R10,ANT,Kimi Antonelli,4,68,18.927,HARD,5.0
2025_R10,ANT,Kimi Antonelli,5,69,18.265,HARD,6.0
2025_R10,BEA,Oliver Bearman,1,18,23.626,HARD,2.0
2025_R10,BEA,Oliver Bearman,2,66,27.937,SOFT,3.0
2025_R10,BEA,Oliver Bearman,3,67,18.204,SOFT,4.0
2025_R10,BEA,Oliver Bearman,4,68,18.172,SOFT,5.0
2025_R10,BOR,Gabriel Bortoleto,1,49,23.828,MEDIUM,2.0
2025_R10,BOR,Gabriel Bortoleto,2,66,18.266,MEDIUM,3.0
2025_R10,BOR,Gabriel Bortoleto,3,67,18.338,MEDIUM,4.0
2025_R10,BOR,Gabriel Bortoleto,4,68,18.312,MEDIUM,5.0
2025_R10,COL,Franco Colapinto,1,14,24.547,HARD,2.0
2025_R10,COL,Franco Colapinto,2,66,18.187,HARD,3.0
2025_R10,COL,Franco Colapinto,3,67,18.169,HARD,4.0
2025_R10,COL,Franco Colapinto,4,68,18.187,HARD,5.0
2025_R10,GAS,Pierre Gasly,1,53,23.985,MEDIUM,2.0
2025_R10,GAS,Pierre Gasly,2,66,18.204,MEDIUM,3.0
2025_R10,GAS,Pierre Gasly,3,67,18.215,MEDIUM,4.0
2025_R10,GAS,Pierre Gasly,4,68,18.125,MEDIUM,5.0
2025_R10,HAD,Isack Hadjar,1,13,24.063,HARD,2.0
2025_R10,HAD,Isack Hadjar,2,66,23.681,SOFT,3.0
2025_R10,HAD,Isack Hadjar,3,67,18.325,SOFT,4.0
2025_R10,HAD,Isack Hadjar,4,68,18.297,SOFT,5.0
2025_R10,HAM,Lewis Hamilton,1,15,23.613,HARD,2.0
2025_R10,HAM,Lewis Hamilton,2,45,23.36,HARD,3.0
2025_R10,HAM,Lewis Hamilton,3,67,18.332,HARD,4.0
2025_R10,HAM,Lewis Hamilton,4,68,18.255,HARD,5.0
2025_R10,HAM,Lewis Hamilton,5,69,18.172,HARD,6.0
2025_R10,HUL,Nico Hulkenberg,1,19,23.422,HARD,2.0
2025_R10,HUL,Nico Hulkenberg,2,66,18.36,HARD,3.0
2025_R10,HUL,Nico Hulkenberg,3,67,18.259,HARD,4.0
2025_R10,HUL,Nico Hulkenberg,4,68,18.406,HARD,5.0
2025_R10,HUL,Nico Hulkenberg,5,69,18.359,HARD,6.0
2025_R10,LAW,Liam Lawson,1,38,23.283,MEDIUM,2.0
2025_R10,LAW,Liam Lawson,2,54,,,
2025_R10,LEC,Charles Leclerc,1,28,23.488,HARD,2.0
2025_R10,LEC,Charles Leclerc,2,53,23.875,MEDIUM,3.0
2025_R10,LEC,Charles Leclerc,3,67,18.297,MEDIUM,4.0
2025_R10,LEC,Charles Leclerc,4,68,18.25,MEDIUM,5.0
2025_R10,LEC,Charles Leclerc,5,69,18.203,MEDIUM,6.0
2025_R10,NOR,Lando Norris,1,29,23.263,MEDIUM,2.0
2025_R10,NOR,Lando Norris,2,47,23.328,HARD,3.0
2025_R10,OCO,Esteban Ocon,1,57,24.453,MEDIUM,2.0
2025_R10,OCO,Esteban Ocon,2,66,18.187,MEDIUM,3.0
2025_R10,OCO,Esteban Ocon,3,67,18.229,MEDIUM,4.0
2025_R10,OCO,Esteban Ocon,4,68,18.157,MEDIUM,5.0
2025_R10,PIA,Oscar Piastri,1,16,23.219,HARD,2.0
2025_R10,PIA,Oscar Piastri,2,45,23.047,HARD,3.0
2025_R10,PIA,Oscar Piastri,3,67,26.454,SOFT,4.0
2025_R10,PIA,Oscar Piastri,4,68,18.343,SOFT,5.0
2025_R10,PIA,Oscar Piastri,5,69,18.188,SOFT,6.0
2025_R10,RUS,George Russell,1,13,23.344,HARD,2.0
2025_R10,RUS,George Russell,2,42,24.312,HARD,3.0
2025_R10,RUS,George Russell,3,67,18.234,HARD,4.0
2025_R10,RUS,George Russell,4,68,19.342,HARD,5.0
2025_R10,RUS,George Russell,5,69,18.188,HARD,6.0
2025_R10,SAI,Carlos Sainz,1,57,23.266,MEDIUM,2.0
2025_R10,SAI,Carlos Sainz,2,66,18.266,MEDIUM,3.0
2025_R10,SAI,Carlos Sainz,3,67,18.252,MEDIUM,4.0
2025_R10,SAI,Carlos Sainz,4,68,18.141,MEDIUM,5.0
2025_R10,STR,Lance Stroll,1,24,23.656,HARD,2.0
2025_R10,STR,Lance Stroll,2,51,34.782,MEDIUM,3.0
2025_R10,STR,Lance Stroll,3,66,23.821,SOFT,4.0
2025_R10,STR,Lance Stroll,4,67,18.31,SOFT,5.0
2025_R10,STR,Lance Stroll,5,68,18.359,SOFT,6.0
2025_R10,TSU,Yuki Tsunoda,1,56,25.063,MEDIUM,2.0
2025_R10,TSU,Yuki Tsunoda,2,66,18.25,MEDIUM,3.0
2025_R10,TSU,Yuki Tsunoda,3,67,18.247,MEDIUM,4.0
2025_R10,TSU,Yuki Tsunoda,4,68,18.25,MEDIUM,5.0
2025_R10,VER,Max Verstappen,1,12,23.678,HARD,2.0
2025_R10,VER,Max Verstappen,2,37,23.079,HARD,3.0
2025_R10,VER,Max Verstappen,3,67,18.188,HARD,4.0
2025_R10,VER,Max Verstappen,4,68,19.159,HARD,5.0
2025_R10,VER,Max Verstappen,5,69,18.188,HARD,6.0
2025_R11,ALB,Alexander Albon,1,13,21.28,MEDIUM,2.0
2025_R11,ALB,Alexander Albon,2,15,,,
2025_R11,ALO,Fernando Alonso,1,33,21.879,HARD,2.0
2025_R11,BEA,Oliver Bearman,1,11,21.984,HARD,2.0
2025_R11,BEA,Oliver Bearman,2,39,21.781,MEDIUM,3.0
2025_R11,BOR,Gabriel Bortoleto,1,21,21.539,MEDIUM,2.0
2025_R11,BOR,Gabriel Bortoleto,2,49,21.237,HARD,3.0
2025_R11,COL,Franco Colapinto,1,13,22.969,MEDIUM,2.0
2025_R11,COL,Franco Colapinto,2,39,21.202,HARD,3.0
2025_R11,GAS,Pierre Gasly,1,12,21.965,HARD,2.0
2025_R11,GAS,Pierre Gasly,2,38,22.172,MEDIUM,3.0
2025_R11,HAD,Isack Hadjar,1,2,21.224,MEDIUM,2.0
2025_R11,HAD,Isack Hadjar,2,28,21.596,HARD,3.0
2025_R11,HAM,Lewis Hamilton,1,26,21.32,HARD,2.0
2025_R11,HAM,Lewis Hamilton,2,50,21.272,MEDIUM,3.0
2025_R11,HUL,Nico Hulkenberg,1,12,21.188,MEDIUM,2.0
2025_R11,HUL,Nico Hulkenberg,2,42,21.064,MEDIUM,3.0
2025_R11,LAW,Liam Lawson,1,32,21.377,HARD,2.0
2025_R11,LEC,Charles Leclerc,1,25,21.363,HARD,2.0
2025_R11,LEC,Charles Leclerc,2,49,21.288,MEDIUM,3.0
2025_R11,NOR,Lando Norris,1,20,21.961,HARD,2.0
2025_R11,NOR,Lando Norris,2,52,21.358,MEDIUM,3.0
2025_R11,OCO,Esteban Ocon,1,19,23.074,HARD,2.0
2025_R11,OCO,Esteban Ocon,2,50,22.324,HARD,3.0
2025_R11,PIA,Oscar Piastri,1,24,22.677,HARD,2.0
2025_R11,PIA,Oscar Piastri,2,53,21.077,MEDIUM,3.0
2025_R11,RUS,George Russell,1,18,21.373,MEDIUM,2.0
2025_R11,RUS,George Russell,2,45,21.841,HARD,3.0
2025_R11,STR,Lance Stroll,1,26,22.906,HARD,2.0
2025_R11,STR,Lance Stroll,2,53,21.652,SOFT,3.0
2025_R11,TSU,Yuki Tsunoda,1,18,21.564,HARD,2.0
2025_R11,TSU,Yuki Tsunoda,2,30,30.067,MEDIUM,3.0
2025_R11,TSU,Yuki Tsunoda,3,60,32.9,SOFT,4.0
2025_R12,ALB,Alexander Albon,1,12,29.254,INTERMEDIATE,2.0
2025_R12,ALB,Alexander Albon,2,42,29.283,MEDIUM,3.0
2025_R12,ALO,Fernando Alonso,1,11,28.697,INTERMEDIATE,2.0
2025_R12,ALO,Fernando Alonso,2,37,28.582,MEDIUM,3.0
2025_R12,ANT,Kimi Antonelli,1,2,28.789,HARD,2.0
2025_R12,ANT,Kimi Antonelli,2,9,28.722,INTERMEDIATE,3.0
2025_R12,ANT,Kimi Antonelli,3,20,29.788,INTERMEDIATE,4.0
2025_R12,ANT,Kimi Antonelli,4,23,,,
2025_R12,BEA,Oliver Bearman,1,10,29.092,INTERMEDIATE,2.0
2025_R12,BEA,Oliver Bearman,2,41,29.079,MEDIUM,3.0
2025_R12,GAS,Pierre Gasly,1,11,28.803,INTERMEDIATE,2.0
2025_R12,GAS,Pierre Gasly,2,41,28.463,MEDIUM,3.0
2025_R12,HAD,Isack Hadjar,1,10,28.633,INTERMEDIATE,2.0
2025_R12,HAM,Lewis Hamilton,1,11,28.885,INTERMEDIATE,2.0
2025_R12,HAM,Lewis Hamilton,2,41,29.198,SOFT,3.0
2025_R12,HUL,Nico Hulkenberg,1,9,29.735,INTERMEDIATE,2.0
2025_R12,HUL,Nico Hulkenberg,2,42,30.133,MEDIUM,3.0
2025_R12,LEC,Charles Leclerc,1,10,29.089,INTERMEDIATE,2.0
2025_R12,LEC,Charles Leclerc,2,42,28.798,SOFT,3.0
2025_R12,NOR,Lando Norris,1,11,30.633,INTERMEDIATE,2.0
2025_R12,NOR,Lando Norris,2,44,28.211,MEDIUM,3.0
2025_R12,OCO,Esteban Ocon,1,18,29.567,INTERMEDIATE,2.0
2025_R12,OCO,Esteban Ocon,2,42,28.658,MEDIUM,3.0
2025_R12,PIA,Oscar Piastri,1,11,29.388,INTERMEDIATE,2.0
2025_R12,PIA,Oscar Piastri,2,43,40.332,MEDIUM,3.0
2025_R12,RUS,George Russell,1,10,28.665,INTERMEDIATE,2.0
2025_R12,RUS,George Russell,2,38,28.225,HARD,3.0
2025_R12,SAI,Carlos Sainz,1,11,29.511,INTERMEDIATE,2.0
2025_R12,SAI,Carlos Sainz,2,41,28.588,MEDIUM,3.0
2025_R12,STR,Lance Stroll,1,6,29.122,SOFT,2.0
2025_R12,STR,Lance Stroll,2,10,28.865,INTERMEDIATE,3.0
2025_R12,STR,Lance Stroll,3,41,28.53,SOFT,4.0
2025_R12,TSU,Yuki Tsunoda,1,11,28.611,INTERMEDIATE,2.0
2025_R12,TSU,Yuki Tsunoda,2,41,40.111,MEDIUM,3.0
2025_R12,VER,Max Verstappen,1,11,28.14,INTERMEDIATE,2.0
2025_R12,VER,Max Verstappen,2,41,29.647,MEDIUM,3.0
2025_R13,ALB,Alexander Albon,1,12,23.938,MEDIUM,2.0
2025_R13,ALO,Fernando Alonso,1,11,23.308,MEDIUM,2.0
2025_R13,ALO,Fernando Alonso,2,29,23.625,None,3.0
2025_R13,ANT,Kimi Antonelli,1,12,23.519,MEDIUM,2.0
2025_R13,ANT,Kimi Antonelli,2,30,23.106,None,3.0
2025_R13,BEA,Oliver Bearman,1,12,24.375,MEDIUM,2.0
2025_R13,BOR,Gabriel Bortoleto,1,12,23.209,MEDIUM,2.0
2025_R13,COL,Franco Colapinto,1,12,22.956,MEDIUM,2.0
2025_R13,COL,Franco Colapinto,2,28,23.41,None,3.0
2025_R13,GAS,Pierre Gasly,1,11,26.714,MEDIUM,2.0
2025_R13,HAD,Isack Hadjar,1,13,23.593,MEDIUM,2.0
2025_R13,HAD,Isack Hadjar,2,20,23.478,HARD,3.0
2025_R13,HAM,Lewis Hamilton,1,11,23.234,MEDIUM,2.0
2025_R13,HUL,Nico Hulkenberg,1,11,23.597,MEDIUM,2.0
2025_R13,HUL,Nico Hulkenberg,2,32,23.882,None,3.0
2025_R13,LAW,Liam Lawson,1,12,23.235,MEDIUM,2.0
2025_R13,LEC,Charles Leclerc,1,12,23.781,MEDIUM,2.0
2025_R13,NOR,Lando Norris,1,13,24.357,HARD,2.0
2025_R13,OCO,Esteban Ocon,1,13,23.956,MEDIUM,2.0
2025_R13,PIA,Oscar Piastri,1,12,23.825,MEDIUM,2.0
2025_R13,RUS,George Russell,1,12,23.733,MEDIUM,2.0
2025_R13,SAI,Carlos Sainz,1,12,27.534,MEDIUM,2.0
2025_R13,SAI,Carlos Sainz,2,26,23.631,HARD,3.0
2025_R13,STR,Lance Stroll,1,12,23.769,MEDIUM,2.0
2025_R13,TSU,Yuki Tsunoda,1,13,23.203,MEDIUM,2.0
2025_R13,VER,Max Verstappen,1,12,26.051,MEDIUM,2.0
2025_R14,ALB,Alexander Albon,1,14,21.292,MEDIUM,2.0
2025_R14,ALB,Alexander Albon,2,38,22.707,HARD,3.0
2025_R14,ALO,Fernando Alonso,1,39,22.307,HARD,2.0
2025_R14,ANT,Kimi Antonelli,1,21,22.188,HARD,2.0
2025_R14,BEA,Oliver Bearman,1,30,21.714,HARD,2.0
2025_R14,BEA,Oliver Bearman,2,48,,,
2025_R14,BOR,Gabriel Bortoleto,1,40,21.867,HARD,2.0
2025_R14,COL,Franco Colapinto,1,13,30.205,HARD,2.0
2025_R14,COL,Franco Colapinto,2,35,26.234,HARD,3.0
2025_R14,GAS,Pierre Gasly,1,32,21.588,MEDIUM,2.0
2025_R14,HAD,Isack Hadjar,1,33,21.124,HARD,2.0
2025_R14,HAM,Lewis Hamilton,1,42,21.13,MEDIUM,2.0
2025_R14,HUL,Nico Hulkenberg,1,5,21.6,MEDIUM,2.0
2025_R14,HUL,Nico Hulkenberg,2,41,28.943,MEDIUM,3.0
2025_R14,LAW,Liam Lawson,1,40,22.187,HARD,2.0
2025_R14,LEC,Charles Leclerc,1,19,21.28,HARD,2.0
2025_R14,LEC,Charles Leclerc,2,40,21.148,HARD,3.0
2025_R14,NOR,Lando Norris,1,31,20.884,HARD,2.0
2025_R14,OCO,Esteban Ocon,1,14,22.416,HARD,2.0
2025_R14,PIA,Oscar Piastri,1,18,21.141,HARD,2.0
2025_R14,PIA,Oscar Piastri,2,45,21.005,HARD,3.0
2025_R14,RUS,George Russell,1,19,21.601,HARD,2.0
2025_R14,RUS,George Russell,2,43,21.58,HARD,3.0
2025_R14,SAI,Carlos Sainz,1,15,21.734,HARD,2.0
2025_R14,SAI,Carlos Sainz,2,51,21.623,MEDIUM,3.0
2025_R14,STR,Lance Stroll,1,36,21.512,HARD,2.0
2025_R14,TSU,Yuki Tsunoda,1,20,21.328,SOFT,2.0
2025_R14,TSU,Yuki Tsunoda,2,37,21.545,HARD,3.0
2025_R14,VER,Max Verstappen,1,17,21.219,HARD,2.0
2025_R14,VER,Max Verstappen,2,48,21.274,HARD,3.0
